{"colsample_bytree": 0.776078150503679, "gamma": 4.87765608196636, "learning_rate": 0.04510910294423589, "max_depth": 5, "min_child_weight": 4, "n_estimators": 1080, "reg_alpha": 0.03227753827568052, "reg_lambda": 4.403941122169132, "subsample": 0.6881805075161616}